{"cameraMode":{"drawMode":0,"name":"Shaded","section":"Shading Mode"},"sceneLighting":false,"audioPlay":false,"sceneViewState":{"showFog":false,"showMaterialUpdate":false,"showSkybox":false,"showFlares":false,"showImageEffects":false,"showParticleSystems":false},"in2DMode":false,"pivot":{"x":-1.1920928955078126e-7,"y":0.17530429363250733,"z":-0.12425696849822998},"rotation":{"x":-0.20681777596473695,"y":0.2086051106452942,"z":-0.045184772461652759,"w":-0.954815149307251},"size":2.4669926166534426,"orthographic":false}