{"cameraMode":{"drawMode":0,"name":"Shaded","section":"Shading Mode"},"sceneLighting":true,"audioPlay":false,"sceneViewState":{"showFog":false,"showMaterialUpdate":false,"showSkybox":false,"showFlares":false,"showImageEffects":false,"showParticleSystems":false},"in2DMode":false,"pivot":{"x":2.7601990699768068,"y":-9.646811485290528,"z":27.169963836669923},"rotation":{"x":-0.17286492884159089,"y":-0.028463035821914674,"z":0.005000486969947815,"w":-0.9845308065414429},"size":45.79985427856445,"orthographic":false}